date,분기고시가,weightA,priceUSA_TAIWAN,priceJP,priceCN,importPriceUSA,importPriceJP,stock,USD_KR,JPY_KR,quarter,scrap,scrap_gap
2021-10-15,928,546.0,473.0,503.0,585.0,515.0,535.0,884.0,1183.0,1035.04,2021.4,540.7,923.2923076923078
2021-10-08,928,535.0,463.0,473.0,583.0,515.0,520.0,914.0,1190.5,1068.58,2021.4,530.0,923.2923076923078
2021-10-01,928,528.0,464.0,455.0,582.0,515.0,455.0,955.0,1186.0,1058.6,2021.4,512.0999999999999,923.2923076923078
2021-09-24,930,527.0,464.0,448.0,574.0,475.0,455.0,938.0,1174.0,1068.49,2021.3,507.4,925.9013461538461
2021-09-17,930,535.0,455.0,443.0,586.0,475.0,455.0,938.0,1173.5,1072.82,2021.3,513.0,925.9013461538461
2021-09-10,930,537.0,453.0,445.0,586.0,475.0,450.0,870.0,1170.0,1064.27,2021.3,513.4,925.9013461538461
2021-09-03,930,545.0,443.0,449.0,574.0,475.0,455.0,788.0,1157.0,1052.63,2021.3,520.0,925.9013461538461
2021-08-27,925,551.0,442.0,455.0,571.0,513.5,450.0,688.0,1170.0,1062.09,2021.3,527.05,922.3738461538461
2021-08-20,925,546.0,441.0,460.0,577.0,513.5,450.0,690.0,1184.0,1079.31,2021.3,523.55,922.3738461538461
2021-08-13,925,545.0,435.0,461.0,586.0,513.5,455.0,705.0,1169.0,1059.98,2021.3,523.85,922.3738461538461
2021-08-06,925,545.0,435.0,467.0,596.0,513.5,455.0,756.0,1143.0,1041.32,2021.3,523.85,922.3738461538461
2021-07-30,862,545.0,440.0,468.0,596.0,513.5,470.0,778.0,1147.5,1047.79,2021.3,526.85,863.3192307692307
2021-07-23,862,534.0,459.0,470.0,582.0,513.5,475.0,711.0,1150.5,1041.41,2021.3,520.15,863.3192307692307
2021-07-16,862,533.0,462.0,471.0,583.0,513.5,480.0,713.0,1141.0,1036.38,2021.3,520.4499999999999,863.3192307692307
2021-07-09,862,523.0,465.0,471.0,581.0,513.5,480.0,725.0,1148.5,1043.19,2021.3,513.4499999999999,863.3192307692307
2021-07-02,862,511.0,457.0,469.0,582.0,510.0,490.0,784.0,1136.0,1019.25,2021.3,506.7,863.3192307692307
2021-06-25,845,511.0,452.0,464.0,583.0,510.0,490.0,777.0,1128.0,1018.65,2021.2,506.7,848.0680769230769
2021-06-18,845,499.0,450.0,465.0,572.0,510.0,510.0,803.0,1130.5,1026.46,2021.2,502.29999999999995,848.0680769230769
2021-06-11,845,493.0,445.0,464.0,562.0,515.0,470.0,821.0,1112.5,1015.94,2021.2,490.59999999999997,848.0680769230769
2021-06-04,845,492.0,440.0,465.0,560.0,538.0,460.0,790.0,1115.5,1012.62,2021.2,490.2,848.0680769230769
2021-05-28,803,492.0,459.0,465.0,606.0,538.0,470.0,776.0,1114.5,1014.85,2021.2,492.2,824.113076923077
2021-05-21,803,472.0,472.0,454.0,651.0,505.0,490.0,855.0,1128.5,1038.7,2021.2,478.9,824.113076923077
2021-05-14,803,443.0,457.0,405.0,578.0,505.0,500.0,895.0,1128.0,1032.07,2021.2,460.59999999999997,824.113076923077
2021-05-07,803,430.0,435.0,404.0,547.0,447.0,430.0,968.0,1120.5,1026.66,2021.2,431.7,824.113076923077
2021-04-30,803,429.0,420.0,404.0,540.0,431.0,430.0,957.0,1113.0,1022.18,2021.2,429.4,801.873076923077
2021-04-23,803,429.0,422.0,402.0,537.0,431.0,430.0,894.0,1116.5,1034.52,2021.2,429.4,801.873076923077
2021-04-16,803,415.0,430.0,379.0,520.0,431.0,430.0,904.0,1114.5,1023.7,2021.2,419.6,801.873076923077
2021-04-09,803,409.0,415.0,377.0,517.0,431.0,415.0,962.0,1120.0,1021.48,2021.2,412.4,801.873076923077
2021-04-02,803,394.0,401.0,379.0,516.0,431.0,400.0,936.0,1128.0,1021.79,2021.2,398.9,801.873076923077
2021-03-26,715,396.0,390.0,383.0,497.0,431.0,400.0,938.0,1129.5,1031.98,2021.1,400.3,794.6374038461538
2021-03-19,715,405.0,400.0,386.0,497.0,431.0,410.0,853.0,1130.0,1039.89,2021.1,408.6,794.6374038461538
2021-03-12,715,412.0,427.0,393.0,497.0,443.5,420.0,839.0,1136.5,1041.95,2021.1,416.75,794.6374038461538
2021-03-05,715,401.0,430.0,381.0,497.0,443.5,435.0,818.0,1129.0,1040.89,2021.1,412.05,794.6374038461538
2021-02-26,715,382.0,425.0,369.0,494.0,443.5,425.0,912.0,1123.0,1058.19,2021.1,396.75,809.3661538461538
2021-02-19,715,361.0,400.0,353.0,494.0,391.0,405.0,945.0,1103.5,1047.71,2021.1,372.8,809.3661538461538
2021-02-10,715,360.0,367.0,337.0,494.0,398.0,350.0,943.0,1105.0,1058.18,2021.1,361.8,809.3661538461538
2021-02-05,715,369.0,367.0,336.0,494.0,398.0,350.0,939.0,1123.0,1065.82,2021.1,368.1,809.3661538461538
2021-01-29,715,381.0,395.0,370.0,455.0,440.0,350.0,972.0,1117.5,1067.95,2021.1,380.7,682.2923076923078
2021-01-22,715,404.0,417.0,388.0,455.0,440.0,395.0,918.0,1105.0,1066.24,2021.1,405.79999999999995,682.2923076923078
2021-01-15,715,418.0,445.0,389.0,455.0,440.0,420.0,795.0,1100.0,1060.39,2021.1,420.59999999999997,682.2923076923078
2021-01-08,715,408.0,447.0,389.0,455.0,440.0,430.0,733.0,1092.0,1050.76,2021.1,415.59999999999997,682.2923076923078
2021-01-01,715,387.0,447.0,369.0,441.0,440.0,420.0,811.0,1087.0,1054.06,2021.1,398.9,682.2923076923078
2020-12-25,685,377.0,437.0,369.0,441.0,440.0,420.0,852.0,1103.0,1064.72,2020.4,391.9,701.6838461538462
2020-12-18,685,329.0,400.0,342.0,441.0,440.0,415.0,831.0,1098.5,1061.71,2020.4,357.29999999999995,701.6838461538462
2020-12-11,685,312.0,365.0,312.0,441.0,306.0,400.0,845.0,1092.0,1048.54,2020.4,329.0,701.6838461538462
2020-12-04,685,312.0,323.0,291.0,441.0,306.0,330.0,853.0,1084.0,1042.61,2020.4,315.0,701.6838461538462
2020-11-27,685,312.0,312.0,281.0,400.0,306.0,320.0,855.0,1105.0,1062.24,2020.4,313.0,692.5138461538461
2020-11-20,685,308.0,308.0,270.0,400.0,306.0,305.0,810.0,1116.5,1075.16,2020.4,307.20000000000005,692.5138461538461
2020-11-13,685,303.0,292.0,257.0,400.0,306.0,305.0,857.0,1113.5,1059.47,2020.4,303.70000000000005,692.5138461538461
2020-11-06,685,287.0,288.0,250.0,400.0,306.0,285.0,925.0,1121.0,1083.56,2020.4,288.5,692.5138461538461
2020-10-30,685,283.0,280.0,247.0,403.0,306.0,275.0,933.0,1134.5,1086.63,2020.4,283.7,685.123076923077
2020-10-23,685,285.0,275.0,246.0,403.0,306.0,260.0,908.0,1128.0,1078.34,2020.4,282.1,685.123076923077
2020-10-16,685,289.0,265.0,246.0,403.0,306.0,260.0,893.0,1146.0,1089.09,2020.4,284.9,685.123076923077
2020-10-09,685,288.0,269.0,246.0,403.0,306.0,270.0,920.0,1152.5,1087.06,2020.4,286.2,685.123076923077
2020-10-02,685,289.0,270.0,246.0,403.0,306.0,270.0,912.0,1169.0,1106.11,2020.4,286.9,685.123076923077
2020-09-25,660,298.0,277.0,245.0,393.0,282.0,270.0,852.0,1172.0,1112.0,2020.3,290.8,677.709423076923
2020-09-18,660,301.0,287.0,237.0,393.0,282.0,280.0,837.0,1161.0,1111.27,2020.3,294.9,677.709423076923
2020-09-11,660,306.0,280.0,232.0,393.0,282.0,280.0,808.0,1187.0,1117.33,2020.3,298.4,677.709423076923
2020-09-04,660,308.0,270.0,231.0,393.0,282.0,270.0,731.0,1189.0,1119.75,2020.3,297.8,677.709423076923
2020-08-28,660,294.0,268.0,225.0,381.0,282.0,270.0,632.0,1184.0,1117.98,2020.3,287.99999999999994,671.5169230769231
2020-08-21,660,293.0,260.0,212.0,381.0,282.0,270.0,596.0,1189.0,1126.75,2020.3,287.3,671.5169230769231
2020-08-14,660,272.0,258.0,209.0,381.0,282.0,250.0,745.0,1186.0,1111.48,2020.3,268.59999999999997,671.5169230769231
2020-08-07,660,260.0,253.0,206.0,381.0,282.0,250.0,907.0,1185.5,1122.63,2020.3,260.2,671.5169230769231
2020-07-31,660,259.0,247.0,206.0,368.0,282.0,250.0,993.0,1190.0,1136.58,2020.3,259.5,657.5076923076923
2020-07-24,660,260.0,243.0,205.0,368.0,282.0,240.0,1038.0,1203.0,1130.69,2020.3,258.2,657.5076923076923
2020-07-17,660,265.0,236.0,205.0,368.0,282.0,230.0,1037.0,1204.5,1124.08,2020.3,259.7,657.5076923076923
2020-07-10,660,276.0,235.0,207.0,368.0,282.0,225.0,1041.0,1201.5,1125.47,2020.3,266.4,657.5076923076923
2020-07-03,660,286.0,234.0,225.0,368.0,282.0,230.0,992.0,1199.0,1115.77,2020.3,274.4,657.5076923076923
2020-06-26,663,296.0,245.0,231.0,355.0,282.0,250.0,854.0,1199.5,1122.13,2020.2,285.4,643.2421153846154
2020-06-19,663,296.0,255.0,225.0,355.0,282.0,255.0,783.0,1208.0,1129.76,2020.2,286.4,643.2421153846154
2020-06-12,663,294.0,245.0,211.0,355.0,255.0,255.0,783.0,1203.0,1121.21,2020.2,282.29999999999995,643.2421153846154
2020-06-05,663,282.0,237.0,195.0,355.0,255.0,245.0,826.0,1209.0,1106.69,2020.2,271.9,643.2421153846154
2020-05-29,663,271.0,230.0,181.0,324.0,255.0,235.0,767.0,1237.5,1153.84,2020.2,262.2,632.3596153846154
2020-05-22,663,260.0,230.0,176.0,324.0,255.0,230.0,765.0,1240.5,1153.52,2020.2,253.5,632.3596153846154
2020-05-15,663,262.0,229.0,176.0,324.0,255.0,230.0,748.0,1230.5,1149.14,2020.2,254.89999999999998,632.3596153846154
2020-05-08,663,245.0,219.0,177.0,324.0,261.0,215.0,809.0,1221.0,1148.26,2020.2,240.6,632.3596153846154
2020-05-01,663,242.0,227.0,177.0,367.0,261.0,185.0,905.0,1219.0,1144.44,2020.2,232.49999999999997,632.3596153846154
2020-04-24,663,227.0,223.0,178.0,367.0,261.0,185.0,919.0,1232.5,1144.44,2020.2,221.99999999999997,660.9846153846154
2020-04-17,663,233.0,213.0,181.0,367.0,261.0,185.0,976.0,1217.0,1128.99,2020.2,226.2,660.9846153846154
2020-04-10,663,233.0,198.0,181.0,367.0,261.0,185.0,1034.0,1212.0,1118.18,2020.2,226.2,660.9846153846154
2020-04-03,663,242.0,203.0,181.0,367.0,261.0,190.0,992.0,1233.0,1137.98,2020.2,233.49999999999997,660.9846153846154
2020-03-27,660,243.0,213.0,185.0,384.0,261.0,210.0,968.0,1222.0,1121.62,2020.1,238.2,665.3667307692308
2020-03-20,660,250.0,225.0,185.0,384.0,261.0,215.0,961.0,1241.5,1130.23,2020.1,244.1,665.3667307692308
2020-03-13,660,254.0,233.0,186.0,384.0,261.0,235.0,962.0,1218.5,1151.43,2020.1,250.89999999999998,665.3667307692308
2020-03-06,660,251.0,243.0,185.0,384.0,261.0,235.0,1004.0,1188.0,1123.2,2020.1,248.79999999999998,665.3667307692308
2020-02-28,660,250.0,247.0,185.0,392.0,261.0,245.0,999.0,1210.0,1113.46,2020.1,250.1,674.3892307692308
2020-02-21,660,253.0,230.0,185.0,392.0,261.0,220.0,1030.0,1211.5,1084.32,2020.1,247.2,674.3892307692308
2020-02-14,660,261.0,217.0,197.0,392.0,261.0,220.0,1026.0,1182.5,1076.81,2020.1,252.79999999999998,674.3892307692308
2020-02-07,660,271.0,235.0,216.0,392.0,261.0,230.0,938.0,1191.0,1083.41,2020.1,261.8,674.3892307692308
2020-01-31,660,272.0,250.0,227.0,388.0,287.5,255.0,875.0,1194.0,1095.41,2020.1,270.15,710.1615384615384
2020-01-24,660,274.0,250.0,231.0,388.0,287.5,255.0,838.0,1168.0,1066.62,2020.1,271.54999999999995,710.1615384615384
2020-01-17,660,280.0,260.0,232.0,388.0,285.0,260.0,780.0,1159.0,1051.68,2020.1,276.5,710.1615384615384
2020-01-10,660,274.0,268.0,232.0,388.0,285.0,255.0,787.0,1161.5,1060.15,2020.1,271.29999999999995,710.1615384615384
2020-01-03,660,263.0,270.0,231.0,390.0,285.0,265.0,851.0,1167.5,1081.72,2020.1,265.6,710.1615384615384
2019-12-27,714,263.0,270.0,231.0,390.0,285.0,265.0,817.0,1162.0,1061.36,2019.4,265.6,662.2051923076924
2019-12-20,714,265.0,267.0,231.0,390.0,285.0,265.0,823.0,1160.5,1061.17,2019.4,267.0,662.2051923076924
2019-12-13,714,261.0,261.0,224.0,390.0,285.0,253.0,823.0,1171.5,1068.84,2019.4,261.79999999999995,662.2051923076924
2019-12-06,714,261.0,254.0,221.0,390.0,275.0,250.0,866.0,1189.5,1095.25,2019.4,260.2,662.2051923076924
2019-11-29,714,243.0,250.0,218.0,387.1,244.0,250.0,898.0,1180.0,1077.28,2019.4,244.5,675.5826923076924
2019-11-22,714,241.0,248.0,212.0,387.1,244.0,240.0,951.0,1177.0,1083.64,2019.4,241.1,675.5826923076924
2019-11-15,714,240.0,244.0,207.0,387.1,244.0,220.0,1016.0,1167.0,1075.23,2019.4,236.4,675.5826923076924
2019-11-08,714,245.0,243.0,207.0,387.0,244.0,220.0,1048.0,1157.5,1058.96,2019.4,239.9,675.5826923076924
2019-11-01,714,254.0,240.0,207.0,380.0,244.0,220.0,1062.0,1165.5,1079.12,2019.4,246.2,675.5826923076924
2019-10-25,714,265.0,233.0,209.0,380.0,244.0,220.0,1050.0,1173.5,1080.47,2019.4,253.9,710.776923076923
2019-10-18,714,279.0,223.0,209.0,380.0,244.0,220.0,1057.0,1181.0,1086.63,2019.4,263.7,710.776923076923
2019-10-11,714,293.0,223.0,214.0,380.0,244.0,220.0,1068.0,1186.0,1098.4,2019.4,273.5,710.776923076923
2019-10-04,714,300.0,229.0,219.0,380.0,244.0,240.0,1046.0,1197.0,1121.42,2019.4,282.4,710.776923076923
2019-09-27,731,311.0,235.0,220.0,381.0,275.0,240.0,974.0,1199.0,1111.27,2019.3,293.2,712.6496153846153
2019-09-20,731,320.0,244.0,222.0,381.0,275.0,250.0,920.0,1189.0,1101.8,2019.3,301.5,712.6496153846153
2019-09-13,731,326.0,252.0,232.0,381.0,280.0,260.0,926.0,1194.5,1109.1,2019.3,308.2,712.6496153846153
2019-09-06,731,324.0,257.0,240.0,381.0,281.0,260.0,915.0,1195.5,1116.87,2019.3,306.9,712.6496153846153
2019-08-30,731,326.0,269.0,244.0,397.0,305.0,270.0,918.0,1209.0,1136.22,2019.3,312.7,712.1346153846154
2019-08-23,731,327.0,275.0,244.0,397.0,305.0,270.0,873.0,1211.0,1135.97,2019.3,313.4,712.1346153846154
2019-08-16,731,322.0,280.0,244.0,397.0,305.0,270.0,918.0,1211.0,1140.3,2019.3,309.9,712.1346153846154
2019-08-09,731,313.0,285.0,244.0,397.0,305.0,275.0,981.0,1211.0,1144.4,2019.3,304.6,712.1346153846154
2019-08-02,731,314.0,280.0,244.0,379.0,305.0,275.0,1041.0,1200.5,1123.01,2019.3,305.29999999999995,712.1346153846154
2019-07-26,731,316.0,283.0,243.0,379.0,305.0,270.0,1094.0,1184.5,1090.38,2019.3,305.7,726.9461538461538
2019-07-19,731,316.0,280.0,243.0,379.0,305.0,270.0,1157.0,1175.5,1092.47,2019.3,305.7,726.9461538461538
2019-07-12,731,322.0,278.0,243.0,379.0,305.0,270.0,1073.0,1179.0,1088.64,2019.3,309.9,726.9461538461538
2019-07-05,731,324.0,270.0,248.0,379.0,305.0,270.0,1116.0,1171.5,1084.52,2019.3,311.29999999999995,726.9461538461538
2019-06-28,722,334.0,268.0,260.0,375.0,305.0,280.0,976.0,1155.5,1072.8,2019.2,320.29999999999995,727.9032692307692
2019-06-21,722,341.0,275.0,271.0,387.0,305.0,280.0,976.0,1164.5,1084.02,2019.2,325.2,727.9032692307692
2019-06-14,722,344.0,290.0,279.0,375.0,308.0,290.0,883.0,1185.5,1095.25,2019.2,329.59999999999997,727.9032692307692
2019-06-07,722,347.0,290.0,281.0,375.0,308.0,300.0,927.0,1185.5,1092.63,2019.2,333.7,727.9032692307692
2019-05-31,722,327.0,285.0,284.0,387.0,308.0,300.0,996.0,1191.0,1094.62,2019.2,319.7,737.2557692307691
2019-05-24,722,328.0,275.0,285.0,387.0,308.0,300.0,984.0,1188.5,1084.84,2019.2,320.40000000000003,737.2557692307691
2019-05-17,722,326.0,280.0,288.0,387.0,308.0,305.0,1035.0,1196.0,1091.29,2019.2,320.0,737.2557692307691
2019-05-10,722,317.0,280.0,292.0,387.0,312.0,305.0,1067.0,1178.0,1072.57,2019.2,314.09999999999997,737.2557692307691
2019-05-03,722,320.0,283.0,297.0,387.0,329.0,310.0,1126.0,1170.5,1049.97,2019.2,318.9,737.2557692307691
2019-04-26,722,330.0,283.0,297.0,389.0,329.0,310.0,1093.0,1160.5,1039.31,2019.2,325.9,721.0384615384614
2019-04-19,722,344.0,283.0,305.0,389.0,329.0,315.0,1022.0,1136.5,1015.55,2019.2,336.69999999999993,721.0384615384614
2019-04-12,722,357.0,290.0,316.0,389.0,331.0,325.0,884.0,1138.0,1016.79,2019.2,348.0,721.0384615384614
2019-04-05,722,342.0,300.0,323.0,389.0,333.0,330.0,957.0,1138.0,1018.8,2019.2,338.7,721.0384615384614
2019-03-29,733,338.0,310.0,320.0,396.0,350.0,340.0,927.0,1136.0,1025.36,2019.1,339.6,714.7942307692307
2019-03-22,733,338.0,306.0,316.0,396.0,350.0,340.0,870.0,1134.0,1025.31,2019.1,339.6,714.7942307692307
2019-03-15,733,338.0,300.0,314.0,396.0,338.0,340.0,878.0,1136.5,1017.82,2019.1,338.40000000000003,714.7942307692307
2019-03-08,733,334.0,299.0,309.0,396.0,338.0,320.0,918.0,1137.0,1024.23,2019.1,331.59999999999997,714.7942307692307
2019-03-01,733,313.0,310.0,299.0,389.0,310.0,305.0,935.0,1124.0,1014.99,2019.1,311.1,714.7942307692307
2019-02-22,733,310.0,305.0,289.0,389.0,310.0,305.0,967.0,1124.5,1015.17,2019.1,309.0,717.0942307692308
2019-02-15,733,319.0,278.0,280.0,389.0,310.0,285.0,917.0,1129.5,1023.93,2019.1,311.29999999999995,717.0942307692308
2019-02-08,733,327.0,275.0,280.0,389.0,310.0,285.0,913.0,1123.0,1022.78,2019.1,316.9,717.0942307692308
2019-02-01,733,327.0,265.0,280.0,368.0,310.0,285.0,913.0,1118.5,1027.2,2019.1,316.9,717.0942307692308
2019-01-25,733,335.0,260.0,280.0,368.0,302.0,285.0,838.0,1122.0,1021.3,2019.1,321.7,748.8400641025639
2019-01-18,733,340.0,260.0,281.0,368.0,302.0,290.0,691.0,1122.0,1025.31,2019.1,326.2,748.8400641025639
2019-01-11,733,328.0,265.0,287.0,368.0,308.0,295.0,776.0,1116.0,1030.57,2019.1,319.40000000000003,748.8400641025639
2019-01-04,733,307.0,275.0,285.0,368.0,313.0,295.0,826.0,1124.0,1040.83,2019.1,305.2,748.8400641025639
2018-12-28,745,306.0,275.0,285.0,382.0,313.0,295.0,917.0,1116.5,1011.14,2018.4,304.5,742.1541666666667
2018-12-21,745,306.0,278.0,284.0,382.0,316.0,295.0,965.0,1123.5,1011.43,2018.4,304.8,742.1541666666667
2018-12-14,745,306.0,283.0,283.0,382.0,325.0,295.0,1020.0,1134.0,998.5,2018.4,305.7,742.1541666666667
2018-12-07,745,316.0,285.0,292.0,382.0,335.0,300.0,1065.0,1120.5,992.91,2018.4,314.7,742.1541666666667
2018-11-30,745,319.0,295.0,301.0,385.0,335.0,305.0,1078.0,1122.0,989.49,2018.4,317.79999999999995,752.6791666666668
2018-11-23,745,329.0,300.0,307.0,385.0,358.0,315.0,1058.0,1132.5,1003.37,2018.4,329.09999999999997,752.6791666666668
2018-11-16,745,338.0,307.0,322.0,385.0,358.0,325.0,1035.0,1130.0,997.44,2018.4,337.40000000000003,752.6791666666668
2018-11-09,745,348.0,315.0,339.0,385.0,358.0,340.0,1038.0,1129.0,991.92,2018.4,347.40000000000003,752.6791666666668
2018-11-02,745,350.0,320.0,349.0,384.0,358.0,350.0,1071.0,1118.5,990.44,2018.4,350.8,752.6791666666668
2018-10-26,745,356.0,328.0,349.0,384.0,358.0,350.0,1008.0,1141.0,1018.39,2018.4,355.0,729.1592948717948
2018-10-19,745,356.0,333.0,347.0,384.0,358.0,373.0,1037.0,1133.0,1007.73,2018.4,359.6,729.1592948717948
2018-10-12,745,357.0,336.0,347.0,384.0,358.0,373.0,1032.0,1133.0,1008.46,2018.4,360.3,729.1592948717948
2018-10-05,745,355.0,335.0,346.0,384.0,358.0,355.0,1001.0,1130.0,992.71,2018.4,355.3,729.1592948717948
2018-09-21,710,356.0,329.0,340.0,380.0,352.0,355.0,1015.0,1116.5,990.24,2018.3,355.4,725.4622115384616
2018-09-14,710,361.0,325.0,338.0,380.0,352.0,355.0,987.0,1118.0,999.73,2018.3,358.9,725.4622115384616
2018-09-07,710,362.0,320.0,341.0,380.0,352.0,355.0,961.0,1123.0,1013.9,2018.3,359.59999999999997,725.4622115384616
2018-08-31,710,362.0,322.0,342.0,332.0,352.0,355.0,920.0,1116.0,1007.67,2018.3,359.59999999999997,716.4759615384615
2018-08-24,710,363.0,323.0,338.0,332.0,352.0,358.0,910.0,1118.5,1003.95,2018.3,360.9,716.4759615384615
2018-08-17,710,359.0,324.0,331.0,332.0,352.0,358.0,900.0,1124.5,1015.63,2018.3,358.09999999999997,716.4759615384615
2018-08-10,710,353.0,325.0,331.0,332.0,349.0,358.0,951.0,1129.0,1018.68,2018.3,353.59999999999997,716.4759615384615
2018-08-03,710,341.0,330.0,330.0,332.0,349.0,350.0,969.0,1128.0,1009.21,2018.3,343.59999999999997,716.4759615384615
2018-07-27,710,337.0,335.0,329.0,342.0,357.0,350.0,960.0,1118.5,1005.94,2018.3,341.59999999999997,707.9038461538462
2018-07-20,710,333.0,335.0,329.0,342.0,357.0,340.0,922.0,1135.0,1009.6,2018.3,336.8,707.9038461538462
2018-07-13,710,340.0,335.0,329.0,342.0,357.0,330.0,905.0,1132.0,1003.63,2018.3,339.7,707.9038461538462
2018-07-06,710,327.0,335.0,330.0,342.0,357.5,330.0,951.0,1116.0,1008.95,2018.3,330.65,707.9038461538462
2018-06-29,725,319.0,330.0,331.0,372.0,357.5,330.0,973.0,1113.0,1005.61,2018.2,325.04999999999995,708.1173076923078
2018-06-22,725,319.0,330.0,333.0,372.0,357.5,330.0,951.0,1107.5,1005.08,2018.2,325.04999999999995,708.1173076923078
2018-06-15,725,326.0,325.0,336.0,372.0,357.5,335.0,983.0,1096.5,992.3,2018.2,330.95,708.1173076923078
2018-06-08,725,330.0,330.0,336.0,372.0,360.5,340.0,892.0,1077.0,985.01,2018.2,335.05,708.1173076923078
2018-06-01,725,331.0,338.0,334.0,351.0,360.5,340.0,907.0,1074.5,983.52,2018.2,335.75,708.1173076923078
2018-05-25,725,317.0,340.0,332.0,351.0,362.5,345.0,997.0,1077.0,982.93,2018.2,327.15,717.9173076923078
2018-05-18,725,307.0,340.0,322.0,351.0,362.5,345.0,1053.0,1080.0,973.41,2018.2,320.15,717.9173076923078
2018-05-11,725,305.0,340.0,322.0,351.0,363.0,330.0,1091.0,1069.0,978.22,2018.2,315.8,717.9173076923078
2018-05-04,725,313.0,338.0,318.0,351.0,363.0,330.0,1142.0,1077.0,987.38,2018.2,321.40000000000003,717.9173076923078
2018-04-27,725,320.0,330.0,318.0,381.9,363.0,330.0,1122.0,1076.0,983.99,2018.2,326.3,735.8410256410257
2018-04-20,725,336.0,330.0,317.0,381.9,370.0,330.0,1093.0,1070.0,995.01,2018.2,338.2,735.8410256410257
2018-04-13,725,348.0,350.0,328.0,381.9,350.0,335.0,1059.0,1070.0,994.25,2018.2,345.6,735.8410256410257
2018-04-06,725,354.0,355.0,343.0,379.2,350.0,350.0,997.0,1069.5,995.73,2018.2,352.79999999999995,735.8410256410257
2018-03-30,715,359.0,355.0,353.0,379.2,350.0,360.0,931.0,1062.5,1000.19,2018.1,358.29999999999995,735.4958333333334
2018-03-23,715,357.0,370.0,352.0,379.2,350.0,370.0,922.0,1080.0,1029.35,2018.1,358.9,735.4958333333334
2018-03-16,715,341.0,365.0,349.0,379.2,350.0,370.0,924.0,1067.0,1008.41,2018.1,347.7,735.4958333333334
2018-03-09,715,330.0,350.0,346.0,379.2,350.0,370.0,1003.0,1071.0,1003.48,2018.1,340.0,735.4958333333334
2018-03-02,715,327.0,336.0,343.0,379.2,350.0,365.0,1071.0,1079.5,1020.71,2018.1,336.9,735.4958333333334
2018-02-23,715,329.0,325.0,343.0,392.7,350.0,340.0,1050.0,1079.0,1009.64,2018.1,333.29999999999995,744.2833333333333
2018-02-16,715,330.0,325.0,343.0,392.7,350.0,340.0,1051.0,1079.0,1005.31,2018.1,334.0,744.2833333333333
2018-02-09,715,337.0,325.0,353.0,392.7,350.0,345.0,1026.0,1089.0,996.7,2018.1,339.9,744.2833333333333
2018-02-02,715,345.0,340.0,359.0,392.7,350.0,355.0,998.0,1085.0,988.44,2018.1,347.5,744.2833333333333
2018-01-26,715,356.0,352.5,360.0,374.0,350.0,365.0,962.0,1065.0,977.7,2018.1,357.2,681.3179487179489
2018-01-19,715,361.0,357.0,348.0,374.0,350.0,370.0,899.0,1066.5,964.99,2018.1,361.7,681.3179487179489
2018-01-12,715,354.0,350.0,343.0,374.0,350.0,360.0,907.0,1065.0,957.39,2018.1,354.79999999999995,681.3179487179489
2018-01-05,715,349.0,345.0,342.0,305.5,350.0,360.0,927.0,1063.5,939.65,2018.1,351.29999999999995,681.3179487179489
2017-12-29,685,348.0,340.0,342.0,305.5,350.0,360.0,957.0,1067.5,947.72,2017.4,350.6,706.0528846153845
2017-12-22,685,348.0,330.0,342.0,305.5,350.0,360.0,936.0,1080.0,952.71,2017.4,350.6,706.0528846153845
2017-12-15,685,346.0,325.0,339.0,305.5,350.0,355.0,934.0,1090.0,972.35,2017.4,348.2,706.0528846153845
2017-12-08,685,341.0,309.0,333.0,305.5,350.0,350.0,953.0,1094.0,963.54,2017.4,343.7,706.0528846153845
2017-12-01,685,328.0,309.0,332.0,277.1,347.0,340.0,941.0,1085.0,964.44,2017.4,332.3,706.0528846153845
2017-11-24,685,319.0,305.0,323.0,277.1,325.0,335.0,987.0,1087.0,976.12,2017.4,322.79999999999995,708.2153846153846
2017-11-17,685,301.0,303.0,313.0,277.1,325.0,330.0,1033.0,1099.5,976.65,2017.4,309.2,708.2153846153846
2017-11-10,685,302.0,298.0,303.0,277.1,325.0,315.0,1030.0,1119.0,985.64,2017.4,306.9,708.2153846153846
2017-11-03,685,308.0,287.0,295.0,277.1,322.0,310.0,981.0,1115.5,977.9,2017.4,309.8,708.2153846153846
2017-10-27,685,310.0,281.0,295.0,275.8,322.0,305.0,942.0,1130.0,991.75,2017.4,310.2,682.2262820512822
2017-10-20,685,319.0,275.0,295.0,275.8,322.0,305.0,897.0,1133.0,999.38,2017.4,316.49999999999994,682.2262820512822
2017-10-13,685,328.0,275.0,296.0,274.8,322.0,305.0,800.0,1129.0,1007.5,2017.4,322.8,682.2262820512822
2017-09-29,645,329.0,290.0,308.0,275.7,351.0,315.0,747.0,1146.5,1019.11,2017.3,328.4,665.4916666666666
2017-09-22,645,326.0,295.0,303.0,275.7,351.0,325.0,733.0,1135.0,1013.57,2017.3,328.3,665.4916666666666
2017-09-15,645,316.0,293.0,297.0,275.7,351.0,325.0,762.0,1131.0,1021.59,2017.3,321.3,665.4916666666666
2017-09-08,645,303.0,294.0,297.0,275.7,351.0,325.0,783.0,1130.0,1049.02,2017.3,312.20000000000005,665.4916666666666
2017-09-01,645,302.0,297.0,297.0,264.6,337.0,325.0,769.0,1122.0,1019.44,2017.3,310.09999999999997,665.4916666666666
2017-08-25,645,300.0,297.0,287.0,264.6,337.0,335.0,728.0,1127.0,1027.82,2017.3,310.7,652.0166666666667
2017-08-18,645,288.0,290.0,269.0,264.6,337.0,325.0,724.0,1141.0,1046.89,2017.3,300.3,652.0166666666667
2017-08-11,645,273.0,280.0,263.0,264.6,282.0,310.0,767.0,1144.0,1049.64,2017.3,281.3,652.0166666666667
2017-08-04,645,258.0,275.0,260.0,264.6,282.0,295.0,878.0,1125.5,1022.16,2017.3,267.8,652.0166666666667
2017-07-28,645,254.0,270.0,256.0,226.2,282.0,295.0,915.0,1121.5,1008.54,2017.3,265.0,619.4814102564103
2017-07-21,645,253.0,263.0,254.0,226.2,282.0,285.0,961.0,1119.0,1000.9,2017.3,262.3,619.4814102564103
2017-07-14,645,257.0,258.0,242.0,226.2,282.0,265.0,941.0,1135.5,1002.29,2017.3,261.09999999999997,619.4814102564103
2017-07-07,645,261.0,253.0,242.0,226.2,282.0,265.0,913.0,1154.0,1013.97,2017.3,263.9,619.4814102564103
2017-06-30,635,261.0,249.0,242.0,221.1,280.0,260.0,939.0,1143.0,1021.8,2017.2,262.7,622.3314102564102
2017-06-23,635,250.0,250.0,239.0,221.1,280.0,264.0,977.0,1138.0,1022.65,2017.2,255.8,622.3314102564102
2017-06-16,635,240.0,248.0,230.0,221.1,280.0,260.0,1043.0,1133.5,1018.33,2017.2,248.0,622.3314102564102
2017-06-09,635,239.0,242.0,229.0,221.0,280.0,240.0,1096.0,1124.0,1017.75,2017.2,243.29999999999998,622.3314102564102
2017-06-02,635,239.0,238.0,229.0,221.0,280.0,240.0,1141.0,1123.0,1007.18,2017.2,243.29999999999998,622.3314102564102
2017-05-26,635,246.0,238.0,227.0,241.6,280.0,250.0,1125.0,1119.0,1007.2,2017.2,250.2,629.5730769230769
2017-05-19,635,250.0,238.0,229.0,241.6,280.0,240.0,1127.0,1123.0,1007.17,2017.2,251.0,629.5730769230769
2017-05-12,635,254.0,232.0,230.0,241.6,280.0,240.0,1132.0,1127.5,992.43,2017.2,253.79999999999998,629.5730769230769
