date,weightA,gosi,priceUSA_TAIWAN,priceJP,priceCN,importPriceUSA,importPriceJP,stock,USD_KR,JPY_KR,scrap,stock_trend
2017-01-06,295000,620000,301955.5,260931.7,302432.9,337760.5,334180.0,869,1193.5,1027.29,100818.55,1000.1614914436099
2017-01-13,280000,620000,294925.0,263114.0,297745.0,327825.0,329000.0,846,1175.0,1023.79,98778.5,999.7781737584718
2017-01-20,270000,620000,294674.0,261391.4,297491.6,327546.0,316980.0,944,1174.0,1021.06,96339.6,999.3948560733337
2017-01-27,270000,620000,296437.5,260719.7,294577.5,324337.5,290625.0,1019,1162.5,1022.43,90747.75,999.0115383881956
2017-02-03,264000,620000,280356.0,256797.5,291501.3,320571.0,281505.0,1007,1149.0,1015.01,88542.90000000001,998.6282207030574
2017-02-10,256000,620000,272076.0,250554.4,291247.6,320292.0,292740.0,1064,1148.0,1010.3,90756.4,998.2449030179195
2017-02-17,255000,620000,281260.0,250381.4,291247.6,320292.0,304220.0,1055,1148.0,1013.69,93051.7,997.8615853327814
2017-02-24,252000,620000,284006.5,246021.7,287061.6,315688.5,322477.5,1141,1131.5,1004.17,96240.75,997.4782676476432
2017-03-03,252000,620000,311233.0,255109.7,299547.3,322803.0,335530.0,1085,1157.0,1012.34,99562.7,997.0949499625052
2017-03-10,263000,620000,319470.0,264778.8,299676.8,322942.5,353037.5,1005,1157.5,1002.95,103085.85,996.7116322871858
2017-03-17,278000,620000,318373.0,279122.8,293333.7,316107.0,345565.0,1065,1133.0,1000.44,100918.3,996.3283146118664
2017-03-24,284000,620000,312055.0,286681.0,290615.3,314300.0,325525.0,1110,1122.5,1009.44,96733.8,995.944996936547
2017-03-31,277000,620000,301860.0,283795.5,289450.2,313040.0,313040.0,1117,1118.0,999.28,94105.9,995.5616792612276
2017-04-07,271000,635000,294840.0,286064.3,294273.0,317520.0,306180.0,1194,1134.0,1025.32,93177.7,995.1783615859082
2017-04-14,264000,635000,290955.0,290279.4,296089.5,319480.0,308070.0,1205,1141.0,1047.94,93746.8,994.7950439105887
2017-04-21,263000,635000,284000.0,283244.5,294792.0,318080.0,301040.0,1181,1136.0,1041.34,92200.1,994.4117262352694
2017-04-28,260000,635000,267430.0,268125.6,295311.0,318640.0,290190.0,1117,1138.0,1023.38,90084.0,994.02840855995
2017-05-12,254000,635000,261580.0,228258.9,272404.0,315700.0,270600.0,1132,1127.5,992.43,85867.8,993.2617732065644
2017-05-19,250000,635000,267274.0,230641.9,271316.8,314440.0,269520.0,1127,1123.0,1007.17,85523.0,992.8784555298716
2017-05-26,246000,635000,266322.0,228634.4,270350.4,313320.0,279750.0,1125,1119.0,1007.2,87454.2,992.4951378531788
2017-06-02,239000,635000,267274.0,230644.2,248183.0,314440.0,269520.0,1141,1123.0,1007.18,85515.3,992.111820176486
2017-06-09,239000,635000,272008.0,233064.8,248404.0,314720.0,269760.0,1096,1124.0,1017.75,85591.3,991.7285024997931
2017-06-16,240000,635000,281108.0,234215.9,250616.9,317380.0,294710.0,1043,1133.5,1018.33,90848.0,991.3451848231003
2017-06-23,250000,635000,284500.0,244413.4,251611.8,318640.0,300432.0,977,1138.0,1022.65,92125.4,990.9618671464075
2017-06-30,261000,635000,284607.0,247275.6,252717.3,320040.0,297180.0,939,1143.0,1021.8,91622.7,990.5785494697147
2017-07-07,261000,645000,291962.0,245380.7,261034.8,325428.0,305810.0,913,1154.0,1013.97,93887.5,990.1952317677552
2017-07-14,257000,645000,292959.0,242554.2,256850.1,320211.0,300907.5,941,1135.5,1002.29,92382.5,989.8119140657956
2017-07-21,253000,645000,294297.0,254228.6,253117.8,315558.0,318915.0,961,1119.0,1000.9,95515.9,989.428596363836
2017-07-28,254000,645000,302805.0,258186.2,253683.3,316263.0,330842.5,915,1121.5,1008.54,97972.6,989.0452786618765
2017-08-04,258000,645000,309512.5,265761.6,297807.3,317391.0,332022.5,878,1125.5,1022.16,98324.20000000001,988.661960959917
2017-08-11,273000,645000,320320.0,276055.3,302702.4,322608.0,354640.0,767,1144.0,1049.64,103379.90000000001,988.2786432579574
2017-08-18,288000,645000,330890.0,281613.4,301908.6,384517.0,370825.0,724,1141.0,1046.89,112818.30000000002,987.8953255559978
2017-08-25,300000,645000,334719.0,294984.3,298204.2,379799.0,377545.0,728,1127.0,1027.82,113698.9,987.512007928325
2017-09-01,302000,645000,333234.0,302773.7,296881.2,378114.0,364650.0,769,1122.0,1019.44,110952.79999999999,987.1286903006524
2017-09-08,303000,645000,332220.0,311558.9,311541.0,396630.0,367250.0,783,1130.0,1049.02,113325.1,986.7453726729796
2017-09-15,316000,645000,331383.0,303412.2,311816.7,396981.0,367575.0,762,1131.0,1021.59,113434.3,986.3620550453069
2017-09-22,326000,645000,334825.0,307111.7,312919.5,398385.0,368875.0,733,1135.0,1013.57,113841.7,985.9787374176342
2017-09-29,329000,645000,332485.0,313885.9,316090.1,402421.5,361147.5,747,1146.5,1019.11,112701.95000000001,985.5954197899615
2017-10-13,328000,685000,310475.0,298220.0,310249.2,363538.0,344345.0,800,1129.0,1007.5,105452.40000000001,984.8287845346159
2017-10-20,319000,685000,311575.0,294817.1,312481.4,364826.0,345565.0,897,1133.0,999.38,105818.9,984.4454669069432
2017-10-27,310000,685000,317530.0,292566.3,311654.0,363860.0,344650.0,942,1130.0,991.75,105533.0,984.0621492819325
2017-11-03,308000,685000,320148.5,288480.5,309105.1,359191.0,345805.0,981,1115.5,977.9,105295.70000000001,983.6788316569218
2017-11-10,302000,685000,333462.0,298648.9,310074.9,363675.0,352485.0,1030,1119.0,985.64,107075.9,983.2955140319111
2017-11-17,301000,685000,333148.5,305691.5,304671.5,357337.5,362835.0,1033,1099.5,976.65,108511.45,982.9121964069004
2017-11-24,319000,685000,331535.0,315286.8,301207.7,353275.0,364145.0,987,1087.0,976.12,108379.8,982.5288787818898
2017-12-01,328000,685000,335265.0,320194.1,300653.5,376495.0,368900.0,941,1085.0,964.44,111659.1,982.1455611568791
2017-12-08,341000,685000,338046.0,320858.8,334217.0,382900.0,382900.0,953,1094.0,963.54,115108.7,981.7622435318684
2017-12-15,346000,685000,354250.0,329626.7,332995.0,381500.0,386950.0,934,1090.0,972.35,115782.2,981.3789259068577
2017-12-22,348000,685000,356400.0,325826.8,329940.0,378000.0,388800.0,936,1080.0,952.71,115803.6,980.9956083385176
2017-12-29,348000,685000,362950.0,324120.2,326121.3,373625.0,384300.0,957,1067.5,947.72,114466.1,980.6122907701777
2018-01-05,349000,715000,366907.5,321360.3,324899.3,372225.0,382860.0,927,1063.5,939.65,114038.8,980.2289732018374
2018-01-12,354000,715000,372750.0,328384.8,398310.0,372750.0,383400.0,907,1065.0,957.39,114202.8,979.8456556334975
2018-01-19,361000,715000,380740.5,335816.5,398871.0,373275.0,394605.0,899,1066.5,964.99,116501.2,979.4623380651574
2018-01-26,356000,715000,375412.5,351972.0,398310.0,372750.0,388725.0,962,1065.0,977.7,115269.2,979.0790204968174
2018-02-02,345000,715000,368900.0,354850.0,426079.5,379750.0,385175.0,998,1085.0,988.44,115251.5,978.6957029284772
2018-02-09,337000,715000,353925.0,351835.1,427650.3,381150.0,375705.0,1026,1089.0,996.7,113491.9,978.3123853601371
2018-02-16,330000,715000,350675.0,344821.3,423723.3,377650.0,366860.0,1051,1079.0,1005.31,111368.0,977.9290677272753
2018-02-23,329000,715000,350675.0,346306.5,423723.3,377650.0,366860.0,1050,1079.0,1009.64,111367.3,977.5457500944135
2018-03-02,327000,715000,362712.0,350103.5,409346.4,377825.0,394017.5,1071,1079.5,1020.71,116814.9,977.1624324615518
2018-03-09,330000,715000,374850.0,347204.1,406123.2,374850.0,396270.0,1003,1071.0,1003.48,116970.0,976.7791148286899
2018-03-16,341000,715000,389455.0,351935.1,404606.4,373450.0,394790.0,924,1067.0,1008.41,116541.7,976.3957971958281
2018-03-23,357000,715000,399600.0,362331.2,409536.0,378000.0,399600.0,922,1080.0,1029.35,117969.9,976.0124795629663
2018-03-30,359000,715000,377187.5,353067.1,402900.0,371875.0,382500.0,931,1062.5,1000.19,113938.8,975.6291619301045
2018-04-06,354000,725000,379672.5,341535.4,405554.4,374325.0,374325.0,997,1069.5,995.73,112545.3,975.2458442972426
2018-04-13,348000,725000,374500.0,326114.0,408633.0,374500.0,358450.0,1059,1070.0,994.25,109383.6,974.8625266635831
2018-04-20,336000,725000,353100.0,315418.2,408633.0,395900.0,353100.0,1093,1070.0,995.01,110445.2,974.4792090299236
2018-04-27,320000,725000,355080.0,312908.8,410924.4,390588.0,355080.0,1122,1076.0,983.99,110298.8,974.095891396264
2018-05-04,313000,725000,364026.0,313986.8,378027.0,390951.0,355410.0,1142,1077.0,987.38,110396.20000000001,973.7125737626045
2018-05-11,305000,725000,363460.0,314986.8,375219.0,388047.0,352770.0,1091,1069.0,978.22,109572.20000000001,973.3292561289448
2018-05-18,307000,725000,367200.0,313438.0,379080.0,391500.0,372600.0,1053,1080.0,973.41,113884.9,972.9459384952853
2018-05-25,317000,725000,366180.0,326332.8,378027.0,390412.5,371565.0,997,1077.0,982.93,113576.15,972.5626208616259
2018-06-01,331000,725000,363181.0,328495.7,377149.5,387357.3,365330.0,907,1074.5,983.52,112033.43,972.1793032279663
2018-06-08,330000,725000,355410.0,330963.4,400644.0,388258.5,366180.0,892,1077.0,985.01,112292.85,971.7959855674253
2018-06-15,326000,725000,356362.5,333412.8,407898.0,391998.8,367327.5,983,1096.5,992.3,112893.57999999999,971.4126679068844
2018-06-22,319000,725000,365475.0,334691.6,411990.0,395931.3,365475.0,951,1107.5,1005.08,112911.43000000001,971.0293502463434
2018-06-29,319000,725000,367290.0,332856.9,414036.0,397897.5,367290.0,973,1113.0,1005.61,113471.05,970.6460325858023
2018-07-06,327000,710000,373860.0,332953.5,381672.0,398970.0,368280.0,951,1116.0,1008.95,113781.9,970.2627149252614
2018-07-13,340000,710000,379220.0,330194.3,387144.0,404124.0,373560.0,905,1132.0,1003.63,115362.4,969.8793972647204
2018-07-20,333000,710000,380225.0,332158.4,388170.0,405195.0,385900.0,922,1135.0,1009.6,117932.6,969.4960796041795
2018-07-27,337000,710000,374697.5,330954.3,382527.0,399304.5,391475.0,960,1118.5,1005.94,118461.35,969.112761969065
2018-08-03,341000,710000,372240.0,333039.3,374496.0,393672.0,394800.0,969,1128.0,1009.21,118565.9,968.7294443339505
2018-08-10,353000,710000,366925.0,337183.1,374828.0,394021.0,404182.0,951,1129.0,1018.68,120485.60000000002,968.3461266988359
2018-08-17,359000,710000,364338.0,336173.5,373334.0,395824.0,402571.0,900,1124.5,1015.63,120347.90000000002,967.9628090637214
2018-08-24,363000,710000,361275.5,339335.1,371342.0,393712.0,400423.0,910,1118.5,1003.95,119709.90000000002,967.5794914286068
2018-08-31,362000,710000,359352.0,344623.1,370512.0,392832.0,396180.0,920,1116.0,1007.67,118772.6,967.1961737934922
2018-09-07,362000,710000,359360.0,345739.9,426740.0,395296.0,398665.0,961,1123.0,1013.9,119516.0,966.8128561583778
2018-09-14,361000,710000,363350.0,337908.7,424840.0,393536.0,396890.0,987,1118.0,999.73,118984.3,966.4295385232632
2018-09-21,356000,710000,367328.5,336681.6,424270.0,393008.0,396357.5,1015,1116.5,990.24,118821.5,966.045996781695
2018-10-05,355000,745000,378550.0,343477.7,433920.0,404540.0,401150.0,1001,1130.0,992.71,120932.5,965.2789132985583
2018-10-12,357000,745000,380688.0,349935.6,435072.0,405614.0,422609.0,1032,1133.0,1008.46,125333.1,964.8953715569901
2018-10-19,356000,745000,377289.0,349682.3,435072.0,405614.0,422609.0,1037,1133.0,1007.73,125332.4,964.5118298154218
2018-10-26,356000,745000,374248.0,355418.1,438144.0,408478.0,399350.0,1008,1141.0,1018.39,120967.0,964.1282880738534
2018-11-02,350000,745000,357920.0,345663.6,429504.0,400423.0,391475.0,1071,1118.5,990.44,118582.3,963.7447463322851
2018-11-09,348000,745000,355635.0,336260.9,434665.0,404182.0,383860.0,1038,1129.0,991.92,117433.80000000002,963.3612045907169
2018-11-16,338000,745000,346910.0,321175.7,435050.0,404540.0,367250.0,1035,1130.0,997.44,114140.6,962.9776628491485
2018-11-23,329000,745000,339750.0,308034.6,436012.5,405435.0,356737.5,1058,1132.5,1003.37,112121.3,962.5890566457173
2018-11-30,319000,745000,330990.0,297836.5,431970.0,375870.0,342210.0,1078,1122.0,989.49,106252.3,962.200450442286
2018-12-07,316000,745000,319342.5,289929.7,428031.0,375367.5,336150.0,1065,1120.5,992.91,104987.95,961.8118442388545
2018-12-14,306000,745000,320922.0,282575.5,433188.0,368550.0,334530.0,1020,1134.0,998.5,103975.2,961.4232380354233
2018-12-21,306000,745000,312333.0,287246.1,429177.0,355026.0,331432.5,965,1123.5,1011.43,102003.29999999999,961.034631831992
2018-12-28,306000,745000,307037.5,288174.9,426503.0,349464.5,329367.5,917,1116.5,1011.14,101034.15,960.6460256285607
2019-01-04,307000,733000,309100.0,296636.6,413632.0,351812.0,331580.0,826,1124.0,1040.83,101712.1,960.2574194251293
2019-01-11,328000,733000,295740.0,295773.6,410688.0,343728.0,329220.0,776,1116.0,1030.57,100446.40000000001,959.868813221698
2019-01-18,340000,733000,291720.0,288112.1,412896.0,338844.0,325380.0,691,1122.0,1025.31,99198.4,959.4801678971327
2019-01-25,335000,733000,291720.0,285964.0,412896.0,338844.0,319770.0,838,1122.0,1021.3,98072.9,959.0915225725674
2019-02-01,327000,733000,296402.5,287616.0,411608.0,346735.0,318772.5,913,1118.5,1027.2,98656.9,958.7028772480022
2019-02-08,327000,733000,308825.0,286378.4,436847.0,348130.0,320055.0,913,1123.0,1022.78,99052.9,958.3142319234369
2019-02-15,319000,733000,314001.0,286700.4,439375.5,350145.0,321907.5,917,1129.5,1023.93,99619.3,957.9255865988716
2019-02-22,310000,733000,342972.5,293384.1,437430.5,348595.0,342972.5,967,1124.5,1015.17,103671.0,957.5369412743064
2019-03-01,313000,733000,348440.0,303482.0,437236.0,348440.0,342820.0,935,1124.0,1014.99,103627.1,957.148295949741
2019-03-08,334000,733000,339963.0,316487.1,450252.0,384306.0,363840.0,918,1137.0,1024.23,111432.4,956.7596506251758
2019-03-15,338000,733000,340950.0,319595.5,450054.0,384137.0,386410.0,878,1136.5,1017.82,115932.30000000002,956.3705987090043
2019-03-22,338000,733000,347004.0,323998.0,449064.0,396900.0,385560.0,870,1134.0,1025.31,117038.6,955.9815467928325
2019-03-29,338000,733000,352160.0,328115.2,449856.0,397600.0,386240.0,927,1136.0,1025.36,117244.6,955.592494876661
2019-04-05,342000,722000,341400.0,329072.4,442682.0,378954.0,375540.0,957,1138.0,1018.8,113242.79999999999,955.2034429604895
2019-04-12,357000,722000,330020.0,321305.6,442682.0,376678.0,369850.0,884,1138.0,1016.79,111887.7,954.8143910443177
2019-04-19,344000,722000,321629.5,309742.8,442098.5,373908.5,357997.5,1022,1136.5,1015.55,109231.15,954.4253391281462
2019-04-26,330000,722000,328421.5,308675.1,451434.5,381804.5,359755.0,1093,1160.5,1039.31,110362.45000000001,954.0362872119746
2019-05-03,320000,722000,331251.5,311841.1,452983.5,385094.5,362855.0,1126,1170.5,1049.97,111304.45000000001,953.647235295803
2019-05-10,317000,722000,329840.0,313190.4,455886.0,367536.0,359290.0,1067,1178.0,1072.57,108833.5,953.1652007470977
2019-05-17,326000,722000,334880.0,314291.5,462852.0,368368.0,364780.0,1035,1196.0,1091.29,110021.0,952.6831661983925
2019-05-24,328000,722000,326837.5,309179.4,459949.5,366058.0,356550.0,984,1188.5,1084.84,108145.40000000001,952.2011316496872
2019-05-31,327000,722000,339435.0,310872.1,460917.0,366828.0,357300.0,996,1191.0,1094.62,108371.7,951.719097100982
2019-06-07,347000,722000,343795.0,307029.0,444562.5,365134.0,355650.0,927,1185.5,1092.63,107886.29999999999,951.2370625522767
2019-06-14,344000,722000,343795.0,305574.8,444562.5,365134.0,343795.0,883,1185.5,1095.25,105513.20000000001,950.7550280035715
2019-06-21,341000,722000,320237.5,293769.4,450661.5,355172.5,326060.0,976,1164.5,1084.02,100967.95,950.2729934548663
2019-06-28,334000,722000,309674.0,278928.0,433312.5,352427.5,323540.0,976,1155.5,1072.8,100184.55,949.6002404770127
2019-07-05,324000,731000,316305.0,268961.0,443998.5,357307.5,316305.0,1116,1171.5,1084.52,99218.55,948.927487499159
2019-07-12,322000,731000,327762.0,264539.5,446841.0,359595.0,318330.0,1073,1179.0,1088.64,99850.9,948.2547345213053
2019-07-19,316000,731000,329140.0,265470.2,445514.5,358527.5,317385.0,1157,1175.5,1092.47,99550.95,947.5819815434517
2019-07-26,316000,731000,335213.5,264962.3,448925.5,361272.5,319815.0,1094,1184.5,1090.38,100311.45,946.9092285655979
2019-08-02,314000,731000,336140.0,274014.4,454989.5,366152.5,330137.5,1041,1200.5,1123.01,102862.55,946.2364755877443
2019-08-09,313000,731000,345135.0,279233.6,480767.0,369355.0,333025.0,981,1211.0,1144.4,103759.6,945.5637226098906
2019-08-16,322000,731000,339080.0,278233.2,480767.0,369355.0,326970.0,918,1211.0,1140.3,102554.9,944.890969632037
2019-08-23,327000,731000,333025.0,277176.7,480767.0,369355.0,326970.0,873,1211.0,1135.97,102558.4,943.9874603261502
2019-08-30,326000,731000,325221.0,277237.7,479973.0,368745.0,326430.0,918,1209.0,1136.22,102388.7,943.0839510202634
2019-09-06,324000,731000,307243.5,268048.8,455485.5,335935.5,310830.0,915,1195.5,1116.87,95986.35,942.1804417143768
2019-09-13,326000,731000,301014.0,257311.2,455104.5,334460.0,310570.0,926,1194.5,1109.1,95788.2,941.27693240849
2019-09-20,320000,731000,290116.0,244599.6,453009.0,326975.0,297250.0,920,1189.0,1101.8,92371.5,940.3734231026032
2019-09-27,311000,731000,281765.0,244479.4,456819.0,329725.0,287760.0,974,1199.0,1111.27,90742.2,939.4699137967165
2019-10-04,300000,714000,274113.0,245591.0,454860.0,292068.0,287280.0,1046,1197.0,1121.42,86872.8,938.5664044908298
2019-10-11,293000,714000,264478.0,235057.6,450680.0,289384.0,260920.0,1068,1186.0,1098.4,81327.5,937.662895184943
2019-10-18,279000,714000,263363.0,227105.7,448780.0,288164.0,259820.0,1057,1181.0,1086.63,80975.70000000001,936.5984346560787
2019-10-25,265000,714000,273425.5,225818.2,445930.0,286334.0,258170.0,1050,1173.5,1080.47,80452.9,935.5339741272146
2019-11-01,254000,714000,279720.0,223377.8,442890.0,284382.0,256410.0,1062,1165.5,1079.12,79898.0,934.4695135983503
2019-11-08,245000,714000,281272.5,219204.7,447952.5,282430.0,254650.0,1048,1157.5,1058.96,79344.5,933.4050530694863
2019-11-15,240000,714000,284748.0,222572.6,451745.7,284748.0,256740.0,1016,1167.0,1075.23,79990.8,932.340592540622
2019-11-22,241000,714000,291896.0,229731.7,455616.7,287188.0,282480.0,951,1177.0,1083.64,85383.5,931.2761320117579
2019-11-29,243000,714000,295000.0,234847.0,456778.0,287920.0,295000.0,898,1180.0,1077.28,87962.1,930.2116714828936
2019-12-06,261000,714000,302133.0,242050.3,463905.0,327112.5,297375.0,866,1189.5,1095.25,92368.95,929.1472109540297
2019-12-13,261000,714000,305761.5,239420.2,456885.0,333877.5,296389.5,823,1171.5,1068.84,92848.35,928.0718996197419
2019-12-20,265000,714000,309853.5,245130.3,452595.0,330742.5,307532.5,823,1160.5,1061.17,94766.25,926.9965882854542
2019-12-27,263000,714000,313740.0,245174.2,453180.0,331170.0,307930.0,817,1162.0,1061.36,94887.1,925.9212769511665
2020-01-03,263000,660000,315225.0,249877.3,455325.0,332737.5,309387.5,851,1167.5,1081.72,95335.35,924.8459656168789
2020-01-10,274000,660000,311282.0,245954.8,450662.0,331027.5,296182.5,787,1161.5,1060.15,92531.05,923.7706542825912
2020-01-17,280000,660000,301340.0,243989.8,449692.0,330315.0,301340.0,780,1159.0,1051.68,93495.5,922.6953429483035
2020-01-24,274000,660000,292000.0,246389.2,453184.0,335800.0,297840.0,838,1168.0,1066.62,93339.8,921.6200316140159
2020-01-31,272000,660000,298500.0,248658.1,463272.0,343275.0,304470.0,875,1194.0,1095.41,95411.9,920.5447202797282
2020-02-07,271000,660000,279885.0,234016.6,466872.0,310851.0,273930.0,938,1191.0,1083.41,86060.8,919.4694078362469
2020-02-14,261000,660000,256602.5,212131.6,463540.0,308632.5,260150.0,1026,1182.5,1076.81,83075.95,918.3940953927658
2020-02-21,253000,660000,278645.0,200599.2,474908.0,316201.5,266530.0,1030,1211.5,1084.32,85103.25,917.3187829492846
2020-02-28,250000,660000,298870.0,205990.1,474320.0,315810.0,296450.0,999,1210.0,1113.46,91046.0,916.2434705058034
2020-03-06,251000,660000,288684.0,207792.0,456192.0,310068.0,279180.0,1004,1188.0,1123.2,87018.5,915.1681580623222
2020-03-13,254000,660000,283910.5,214166.0,467904.0,318028.5,286347.5,962,1218.5,1151.43,89250.15000000001,914.092845618841
2020-03-20,250000,660000,279337.5,209092.6,476736.0,324031.5,266922.5,961,1241.5,1130.23,85962.65,913.0175331753597
2020-03-27,243000,660000,260286.0,207499.7,469248.0,318942.0,256620.0,968,1222.0,1121.62,83388.3,911.9422207318786
2020-04-03,242000,663000,250299.0,205974.4,452511.0,321813.0,234270.0,992,1233.0,1137.98,79204.70000000001,910.8669082862407
2020-04-10,233000,663000,239976.0,202390.6,444804.0,316332.0,224220.0,1034,1212.0,1118.18,76640.3,909.7915958406028
2020-04-17,233000,663000,259221.0,204347.2,446639.0,317637.0,225145.0,976,1217.0,1128.99,76955.8,908.7162833949649
2020-04-24,227000,663000,274847.5,203710.3,452327.5,321682.5,228012.5,919,1232.5,1144.44,77929.65,907.640970949327
2020-05-01,242000,663000,276713.0,202565.9,447373.0,318159.0,225515.0,905,1219.0,1144.44,77088.3,906.5656585036892
2020-05-08,245000,663000,267399.0,203242.0,395604.0,318681.0,262515.0,809,1221.0,1148.26,84542.6,905.4903460580512
2020-05-15,262000,663000,281784.5,202248.6,398682.0,313777.5,283015.0,748,1230.5,1149.14,88164.15,904.4150336124133
2020-05-22,260000,663000,285315.0,203019.5,401922.0,316327.5,285315.0,765,1240.5,1153.52,88877.75,903.3397211280846
2020-05-29,271000,663000,284625.0,208845.0,400950.0,315562.5,290812.5,767,1237.5,1153.84,89908.45,902.264408643756
2020-06-05,282000,663000,286533.0,215804.6,429195.0,308295.0,296205.0,826,1209.0,1106.69,90267.9,901.1890961594272
2020-06-12,294000,663000,294735.0,236575.3,427065.0,306765.0,306765.0,783,1203.0,1121.21,92235.3,900.1137836750986
2020-06-19,296000,663000,308040.0,254196.0,428840.0,340656.0,308040.0,783,1208.0,1129.76,95880.79999999999,899.03847119077
2020-06-26,296000,663000,293877.5,259212.0,425822.5,338259.0,299875.0,854,1199.5,1122.13,94008.1,897.9631587064414
2020-07-03,286000,660000,280566.0,251048.3,441232.0,338118.0,275770.0,992,1199.0,1115.77,89166.0,896.8878462221128
2020-07-10,276000,660000,282352.5,232972.3,442152.0,338823.0,270337.5,1041,1201.5,1125.47,88143.0,895.8125337377841
2020-07-17,265000,660000,284262.0,230436.4,443256.0,339669.0,277035.0,1037,1204.5,1124.08,89559.4,894.7372212824662
2020-07-24,260000,660000,292329.0,231791.5,442704.0,339246.0,288720.0,1038,1203.0,1130.69,91850.6,893.6619088271482
2020-07-31,259000,660000,293930.0,234135.5,437920.0,335580.0,297500.0,993,1190.0,1136.58,93239.3,892.5865963718303
2020-08-07,260000,660000,299931.5,231261.8,451675.5,334311.0,296375.0,907,1185.5,1122.63,92888.1,891.5112839165124
2020-08-14,272000,660000,305988.0,232299.3,451866.0,334452.0,296500.0,745,1186.0,1111.48,92935.6,890.4359714611944
2020-08-21,293000,660000,309140.0,238871.0,453009.0,335298.0,321030.0,596,1189.0,1126.75,97940.9,889.3606590058764
2020-08-28,294000,660000,317312.0,251545.5,451104.0,333888.0,319680.0,632,1184.0,1117.98,97530.6,888.2853465505585
2020-09-04,308000,660000,321030.0,258662.3,467277.0,335298.0,321030.0,731,1189.0,1119.75,97951.4,887.2100340952406
2020-09-11,306000,660000,332360.0,259220.6,466491.0,334734.0,332360.0,808,1187.0,1117.33,100159.6,886.134721585842
2020-09-18,301000,660000,333207.0,263371.0,456273.0,327402.0,325080.0,837,1161.0,1111.27,97966.9,885.0594090764436
2020-09-25,298000,660000,324644.0,272440.0,460596.0,330504.0,316440.0,852,1172.0,1112.0,96547.0,883.9840965670451
2020-10-02,289000,685000,315630.0,272103.1,471107.0,357714.0,315630.0,912,1169.0,1106.11,99099.70000000001,882.9087840576465
2020-10-09,288000,685000,310022.5,267416.8,464457.5,352665.0,311175.0,920,1152.5,1087.06,97703.1,881.8334715482481
2020-10-16,289000,685000,303690.0,267916.1,461838.0,350676.0,297960.0,893,1146.0,1089.09,94861.9,880.7581590388495
2020-10-23,285000,685000,310200.0,265271.6,454584.0,345168.0,293280.0,908,1128.0,1078.34,93372.3,879.682846529451
2020-10-30,283000,685000,317660.0,268397.6,457203.5,347157.0,311987.5,933,1134.5,1086.63,97311.3,878.6075340200526
2020-11-06,287000,685000,322848.0,270890.0,448400.0,343026.0,319485.0,925,1121.0,1083.56,98400.5,877.532221485481
2020-11-13,303000,685000,325142.0,272283.8,445400.0,340731.0,339617.5,857,1113.5,1059.47,102208.70000000001,876.4569089509095
2020-11-20,308000,685000,343882.0,290293.2,446600.0,341649.0,340532.5,810,1116.5,1075.16,102487.0,875.3815964163379
2020-11-27,312000,685000,344760.0,298489.4,442000.0,338130.0,353600.0,855,1105.0,1062.24,104751.4,874.3062838817663
2020-12-04,312000,685000,350132.0,303399.5,478044.0,331704.0,357720.0,853,1084.0,1042.61,104932.79999999999,873.2309713471948
2020-12-11,312000,685000,398580.0,327144.5,481572.0,334152.0,436800.0,845,1092.0,1048.54,120993.6,872.1556588126232
2020-12-18,329000,685000,439400.0,363104.8,484438.5,483340.0,455877.5,831,1098.5,1061.71,139739.8,871.0803462780516
2020-12-25,377000,685000,482011.0,392881.7,486423.0,485320.0,463260.0,852,1103.0,1064.72,141447.9,870.0050337434801
2021-01-01,387000,715000,485889.0,388948.1,479367.0,478280.0,456540.0,811,1087.0,1054.06,139406.9,868.9297212089085
2021-01-08,408000,715000,488124.0,408745.6,496860.0,480480.0,469560.0,733,1092.0,1050.76,142245.6,867.8544086743369
2021-01-15,418000,715000,489500.0,412491.7,500500.0,484000.0,462000.0,795,1100.0,1060.39,141092.6,866.7790961397653
2021-01-22,404000,715000,460785.0,413701.1,502775.0,486200.0,436475.0,918,1105.0,1066.24,136197.8,865.7037836051937
2021-01-29,381000,715000,441412.5,395141.5,508462.5,491700.0,391125.0,972,1117.5,1067.95,127661.7,864.6284710706223
2021-02-05,369000,715000,412141.0,358115.5,554762.0,446954.0,393050.0,939,1123.0,1065.82,123563.70000000001,863.5531585360507
2021-02-10,360000,715000,405535.0,356606.7,545870.0,439790.0,386750.0,943,1105.0,1058.18,121581.0,862.7850781542137
2021-02-19,361000,715000,441400.0,369841.6,545129.0,431468.5,446917.5,945,1103.5,1047.71,132783.05,861.4025334669075
2021-02-26,382000,715000,477275.0,390472.1,554762.0,498050.5,477275.0,912,1123.0,1058.19,145527.45,860.3272209323359
2021-03-05,401000,715000,485470.0,396579.1,561113.0,500711.5,491115.0,818,1129.0,1040.89,148574.85,859.2519083977644
2021-03-12,412000,715000,485285.5,409486.4,564840.5,504037.8,477330.0,839,1136.5,1041.95,146158.18,858.1765958631928
2021-03-19,405000,715000,452000.0,401397.5,561610.0,487030.0,463300.0,853,1130.0,1039.89,141646.5,857.1012833286212
2021-03-26,396000,715000,440505.0,395248.3,561361.5,486814.5,451800.0,938,1129.5,1031.98,139318.65,856.0259707940497
2021-04-02,394000,803000,452328.0,387258.4,582048.0,486168.0,451200.0,936,1128.0,1021.79,139132.6,854.950658259478
2021-04-09,409000,803000,464800.0,385098.0,579040.0,482720.0,464800.0,962,1120.0,1021.48,141518.3,853.8753457249065
2021-04-16,415000,803000,479235.0,387982.3,579540.0,480349.5,479235.0,904,1114.5,1023.7,144172.45,852.800033190335
2021-04-23,429000,803000,471163.0,415877.0,599560.5,481211.5,480095.0,894,1116.5,1034.52,144440.45,851.7247206557633
2021-04-30,429000,803000,467460.0,412960.7,601020.0,479703.0,478590.0,957,1113.0,1022.18,143988.6,850.6494081211919
2021-05-07,430000,803000,487417.5,414770.6,612913.5,500863.5,481815.0,968,1120.5,1026.66,146750.35,849.5740955866203
2021-05-14,443000,803000,515496.0,417988.4,651984.0,569640.0,564000.0,895,1128.0,1032.07,170074.1,848.4987830520487
2021-05-21,472000,803000,532652.0,471569.8,734653.5,569892.5,552965.0,855,1128.5,1038.7,167912.65,847.4234705174772
2021-05-28,492000,803000,511555.5,471905.3,675387.0,599601.0,523815.0,776,1114.5,1014.85,165067.5,846.3481579829055
2021-06-04,492000,845000,490820.0,470868.3,624680.0,600139.0,513130.0,790,1115.5,1012.62,162984.3,845.272845448334
2021-06-11,493000,845000,495062.5,471396.2,625225.0,572937.5,522875.0,821,1112.5,1015.94,162213.85,844.1975329137624
2021-06-18,499000,845000,508725.0,477303.9,646646.0,576555.0,576555.0,803,1130.5,1026.46,173315.8,843.1222203791908
2021-06-25,511000,845000,509856.0,472653.6,657624.0,575280.0,552720.0,777,1128.0,1018.65,168429.7,842.0469078446193
2021-07-02,511000,862000,519152.0,478028.3,661152.0,579360.0,556640.0,784,1136.0,1019.25,169621.7,840.9715953100477
2021-07-09,523000,862000,534052.5,491342.5,667278.5,589754.8,551280.0,725,1148.5,1043.19,169597.58000000002,839.8962827754762
2021-07-16,533000,862000,527142.0,488135.0,665203.0,585903.5,547680.0,713,1141.0,1036.38,168499.45,838.8209702409046
2021-07-23,534000,862000,528079.5,489462.7,669591.0,590781.8,546487.5,711,1150.5,1041.41,168749.48,837.745657706333
2021-07-30,545000,862000,504900.0,490365.7,683910.0,589241.3,539325.0,778,1147.5,1047.79,167170.63,836.6703451717615
2021-08-06,545000,925000,497205.0,486296.4,681228.0,586930.5,520065.0,756,1143.0,1041.32,163087.55,835.5950326371899
2021-08-13,545000,925000,508515.0,488650.8,685034.0,600281.5,531895.0,705,1169.0,1059.98,166788.65,834.5197201026183
2021-08-20,546000,925000,522144.0,496482.6,683168.0,607984.0,532800.0,690,1184.0,1079.31,167740.6,833.4444075680467
2021-08-27,551000,925000,517140.0,483250.9,668070.0,600795.0,526500.0,688,1170.0,1062.09,165765.2,832.3690950334752
2021-09-03,545000,930000,512551.0,472630.9,664118.0,549575.0,526435.0,788,1157.0,1052.63,160626.0,831.2937824989036
2021-09-10,537000,930000,530010.0,473600.1,685620.0,555750.0,526500.0,870,1170.0,1064.27,161250.9,830.218469964332
2021-09-17,535000,930000,533942.5,475259.3,687671.0,557412.5,533942.5,938,1173.5,1072.82,162904.25,829.1431574297604
2021-09-24,527000,930000,544736.0,478683.5,673876.0,557650.0,534170.0,938,1174.0,1068.49,162967.9,828.067844895189
2021-10-01,528000,928000,550304.0,481663.0,690252.0,610790.0,539630.0,955,1186.0,1058.6,169374.6,826.9925323606174
2021-10-08,535000,928000,551201.5,505438.3,694061.5,613107.5,619060.0,914,1190.5,1068.58,185497.25,825.9172198260458
2021-10-15,546000,928000,559559.0,520625.1,692055.0,609245.0,632905.0,884,1183.0,1035.04,187887.7,824.8419072914742
